{"accuracy": 0.8316449103583904, "loss": 0.17203783516805246, "_timestamp": 1725675155.8297355, "_runtime": 3.527737617492676, "_step": 7, "_wandb": {"runtime": 3}}